customer_id,first_name,last_name,dob,email
1,AJ,Styles,1977-06-02,AJ.Styles@incredifilms.com
2,Alberto,Rio,1977-05-25,Alberto.Rio@incredifilms.com
3,Alexa,Bliss,1991-08-09,Alexa.Bliss@incredifilms.com
4,Alundra,Blayze,1964-02-09,Alundra.Blayze@incredifilms.com
5,Andrade,Andrade,1989-11-03,Andrade.Andrade@incredifilms.com
6,Andre,Giant,1946-05-19,Andre.Giant@incredifilms.com
7,Antonio,Cesaro,1980-12-27,Antonio.Cesaro@incredifilms.com
8,Antonio,Inoki,1943-02-20,Antonio.Inoki@incredifilms.com
9,Apollo,Crews,1987-08-22,Apollo.Crews@incredifilms.com
10,Asuka,Asuka,1981-09-26,Asuka.Asuka@incredifilms.com
11,Baron,Corbin,1984-09-13,Baron.Corbin@incredifilms.com
12,Barry,Windham,1960-07-04,Barry.Windham@incredifilms.com
13,Batista,Batista,1969-01-18,Batista.Batista@incredifilms.com
14,Bayley,Bayley,1989-06-15,Bayley.Bayley@incredifilms.com
15,Becky,Lynch,1987-01-30,Becky.Lynch@incredifilms.com
16,Bertha,Faye,1961-02-21,Bertha.Faye@incredifilms.com
17,Beth,Phoenix,1980-11-24,Beth.Phoenix@incredifilms.com
18,Bette,Boucher,1943-07-29,Bette.Boucher@incredifilms.com
19,Big,Show,1972-02-08,Big.Show@incredifilms.com
20,Big,Vader,1955-05-14,Big.Vader@incredifilms.com
21,Blackjack,Mulligan,1942-11-25,Blackjack.Mulligan@incredifilms.com
22,Bob,Backlund,1949-08-14,Bob.Backlund@incredifilms.com
23,Bobby,Lashley,1976-07-16,Bobby.Lashley@incredifilms.com
24,Bobby,Roode,1977-05-11,Bobby.Roode@incredifilms.com
25,Bobo,Brazil,1924-07-10,Bobo.Brazil@incredifilms.com
26,Booker,T,1965-03-01,Booker.T@incredifilms.com
27,Bray,Wyatt,1987-05-23,Bray.Wyatt@incredifilms.com
28,Bret,Hart,1957-07-02,Bret.Hart@incredifilms.com
29,Brock,Lesnar,1977-07-12,Brock.Lesnar@incredifilms.com
30,Bruno,Sammartino,1935-10-06,Bruno.Sammartino@incredifilms.com
31,Buddy,Rogers,1921-02-20,Buddy.Rogers@incredifilms.com
32,Bull,Nakano,1968-01-08,Bull.Nakano@incredifilms.com
33,Candice,Michelle,1978-09-30,Candice.Michelle@incredifilms.com
34,Carlito,Cool,1979-02-21,Carlito.Cool@incredifilms.com
35,Carmella,Carmella,1987-10-23,Carmella.Carmella@incredifilms.com
36,Charlotte,Charlotte,1986-04-05,Charlotte.Charlotte@incredifilms.com
37,Charlotte,Flair,1986-04-05,Charlotte.Flair@incredifilms.com
38,Chris,Benoit,1967-05-21,Chris.Benoit@incredifilms.com
39,Chris,Jericho,1970-11-09,Chris.Jericho@incredifilms.com
40,Chris,Kanyon,1970-01-04,Chris.Kanyon@incredifilms.com
41,Chyna,Chyna,1969-12-27,Chyna.Chyna@incredifilms.com
42,CM,Punk,1978-10-26,CM.Punk@incredifilms.com
43,Curt,Hennig,1958-03-28,Curt.Hennig@incredifilms.com
44,Daniel,Bryan,1981-05-22,Daniel.Bryan@incredifilms.com
45,David,Flair,1979-03-06,David.Flair@incredifilms.com
46,Dean,Ambrose,1985-12-07,Dean.Ambrose@incredifilms.com
47,Dean,Malenko,1960-08-04,Dean.Malenko@incredifilms.com
48,Debra,Debra,1960-03-02,Debra.Debra@incredifilms.com
49,Diamond,Page,1956-04-05,Diamond.Page@incredifilms.com
50,Dick,Slater,1951-05-19,Dick.Slater@incredifilms.com
51,Diesel,Diesel,1959-07-09,Diesel.Diesel@incredifilms.com
52,Dolph,Ziggler,1980-07-27,Dolph.Ziggler@incredifilms.com
53,Dustin,Rhodes,1969-04-11,Dustin.Rhodes@incredifilms.com
54,Dusty,Rhodes,1945-10-12,Dusty.Rhodes@incredifilms.com
55,Eddie,Guerrero,1967-10-09,Eddie.Guerrero@incredifilms.com
56,Edge,Edge,1973-10-30,Edge.Edge@incredifilms.com
57,Finlay,Finlay,1958-01-31,Finlay.Finlay@incredifilms.com
58,Gail,Kim,1977-02-20,Gail.Kim@incredifilms.com
59,Gen,Rection,1966-11-10,Gen.Rection@incredifilms.com
60,Goldberg,Goldberg,1966-12-27,Goldberg.Goldberg@incredifilms.com
61,Greg,Valentine,1951-09-20,Greg.Valentine@incredifilms.com
62,Harley,Race,1943-04-11,Harley.Race@incredifilms.com
63,Hervina,Hervina,1965-10-27,Hervina.Hervina@incredifilms.com
64,Hollywood,Hogan,1953-08-11,Hollywood.Hogan@incredifilms.com
65,Hulk,Hogan,1953-08-11,Hulk.Hogan@incredifilms.com
66,Ivan,Koloff,1942-08-25,Ivan.Koloff@incredifilms.com
67,Ivory,Ivory,1961-03-26,Ivory.Ivory@incredifilms.com
68,Jack,Swagger,1982-03-24,Jack.Swagger@incredifilms.com
69,Jacqueline,Jacqueline,1964-01-06,Jacqueline.Jacqueline@incredifilms.com
70,Jazz,Jazz,1973-08-27,Jazz.Jazz@incredifilms.com
71,Jeff,Hardy,1977-08-31,Jeff.Hardy@incredifilms.com
72,Jeff,Jarrett,1967-07-14,Jeff.Jarrett@incredifilms.com
73,Jim,Duggan,1954-01-14,Jim.Duggan@incredifilms.com
74,Jimmy,Snuka,1943-05-18,Jimmy.Snuka@incredifilms.com
75,Jinder,Mahal,1986-07-19,Jinder.Mahal@incredifilms.com
76,John,Cena,1977-04-23,John.Cena@incredifilms.com
77,John,Layfield,1966-11-29,John.Layfield@incredifilms.com
78,Johnny,Valentine,1928-09-22,Johnny.Valentine@incredifilms.com
79,Kalisto,Kalisto,1986-11-14,Kalisto.Kalisto@incredifilms.com
80,Kane,Kane,1967-04-26,Kane.Kane@incredifilms.com
81,Kensuke,Sasaki,1966-08-04,Kensuke.Sasaki@incredifilms.com
82,Kevin,Owens,1984-05-07,Kevin.Owens@incredifilms.com
83,Kofi,Kingston,1981-08-14,Kofi.Kingston@incredifilms.com
84,Konnan,Konnan,1964-01-06,Konnan.Konnan@incredifilms.com
85,Kurt,Angle,1968-12-09,Kurt.Angle@incredifilms.com
86,Lance,Storm,1969-04-03,Lance.Storm@incredifilms.com
87,Layla,Layla,1977-06-25,Layla.Layla@incredifilms.com
88,Leilani,Kai,1960-01-23,Leilani.Kai@incredifilms.com
89,Lex,Luger,1958-06-02,Lex.Luger@incredifilms.com
90,Lita,Lita,1975-04-14,Lita.Lita@incredifilms.com
91,Magnum,A.,1959-06-11,Magnum.A.@incredifilms.com
92,Mankind,Mankind,1965-06-07,Mankind.Mankind@incredifilms.com
93,Matt,Hardy,1974-09-23,Matt.Hardy@incredifilms.com
94,Melina,Melina,1979-03-09,Melina.Melina@incredifilms.com
95,Michael,Hayes,1959-03-29,Michael.Hayes@incredifilms.com
96,Michelle,McCool,1980-01-25,Michelle.McCool@incredifilms.com
97,Mickie,James,1979-08-31,Mickie.James@incredifilms.com
98,Molly,Holly,1977-09-07,Molly.Holly@incredifilms.com
99,Montel,Porter,1973-10-28,Montel.Porter@incredifilms.com
100,Mr,Kennedy,1976-03-06,Mr.Kennedy@incredifilms.com
101,Mr,Wrestling,1934-07-28,Mr.Wrestling@incredifilms.com
102,Naomi,Naomi,1987-11-30,Naomi.Naomi@incredifilms.com
103,Natalya,Natalya,1982-05-27,Natalya.Natalya@incredifilms.com
104,Nia,Jax,1984-05-29,Nia.Jax@incredifilms.com
105,Nikita,Koloff,1959-03-09,Nikita.Koloff@incredifilms.com
106,One,Gang,1960-02-12,One.Gang@incredifilms.com
107,Orlando,Jordan,1974-04-21,Orlando.Jordan@incredifilms.com
108,Paul,Jones,1942-06-16,Paul.Jones@incredifilms.com
109,Pedro,Morales,1942-10-22,Pedro.Morales@incredifilms.com
110,R,Truth,1972-01-19,R.Truth@incredifilms.com
111,Randy,Orton,1980-04-01,Randy.Orton@incredifilms.com
112,Randy,Savage,1952-11-15,Randy.Savage@incredifilms.com
113,Raven,Raven,1964-09-08,Raven.Raven@incredifilms.com
114,Rey,Mysterio,1974-12-11,Rey.Mysterio@incredifilms.com
115,Rhyno,Rhyno,1975-10-07,Rhyno.Rhyno@incredifilms.com
116,Ric,Flair,1949-02-25,Ric.Flair@incredifilms.com
117,Rick,Rude,1958-12-07,Rick.Rude@incredifilms.com
118,Rick,Steiner,1961-03-09,Rick.Steiner@incredifilms.com
119,Ricky,Steamboat,1953-02-28,Ricky.Steamboat@incredifilms.com
120,Ricochet,Ricochet,1988-10-11,Ricochet.Ricochet@incredifilms.com
121,Rob,Dam,1970-12-18,Rob.Dam@incredifilms.com
122,Rockin',Robin,1964-10-09,Rockin'.Robin@incredifilms.com
123,Roddy,Piper,1954-04-17,Roddy.Piper@incredifilms.com
124,Roman,Reigns,1985-05-25,Roman.Reigns@incredifilms.com
125,Ronda,Rousey,1987-02-01,Ronda.Rousey@incredifilms.com
126,Rusev,Rusev,1984-12-25,Rusev.Rusev@incredifilms.com
127,Sable,Sable,1967-08-08,Sable.Sable@incredifilms.com
128,Samoa,Joe,1979-03-17,Samoa.Joe@incredifilms.com
129,Santino,Marella,1974-03-14,Santino.Marella@incredifilms.com
130,Sasha,Banks,1992-01-26,Sasha.Banks@incredifilms.com
131,Scott,Hall,1958-10-20,Scott.Hall@incredifilms.com
132,Scott,Steiner,1962-07-29,Scott.Steiner@incredifilms.com
133,Sensational,Sherri,1958-02-08,Sensational.Sherri@incredifilms.com
134,Seth,Rollins,1986-05-28,Seth.Rollins@incredifilms.com
135,Sgt,Slaughter,1948-08-27,Sgt.Slaughter@incredifilms.com
136,Shane,Douglas,1964-11-21,Shane.Douglas@incredifilms.com
137,Shawn,Michaels,1965-07-22,Shawn.Michaels@incredifilms.com
138,Sheamus,Sheamus,1978-01-28,Sheamus.Sheamus@incredifilms.com
139,Shelton,Benjamin,1975-07-09,Shelton.Benjamin@incredifilms.com
140,Shinsuke,Nakamura,1980-02-24,Shinsuke.Nakamura@incredifilms.com
141,Sid,Vicious,1960-12-16,Sid.Vicious@incredifilms.com
142,Stan,Hansen,1949-08-29,Stan.Hansen@incredifilms.com
143,Stan,Stasiak,1937-04-13,Stan.Stasiak@incredifilms.com
144,Stephanie,Helmsley,1976-09-24,Stephanie.Helmsley@incredifilms.com
145,Steve,Austin,1964-12-18,Steve.Austin@incredifilms.com
146,Steve,McMichael,1957-10-17,Steve.McMichael@incredifilms.com
147,Sting,Sting,1959-03-20,Sting.Sting@incredifilms.com
148,Stone,Austin,1964-12-18,Stone.Austin@incredifilms.com
149,Sue,Green,1953-08-13,Sue.Green@incredifilms.com
150,Superstar,Graham,1943-06-07,Superstar.Graham@incredifilms.com
151,Sycho,Sid,1960-12-16,Sycho.Sid@incredifilms.com
152,Tajiri,Tajiri,1970-09-29,Tajiri.Tajiri@incredifilms.com
153,Ted,DiBiase,1954-01-18,Ted.DiBiase@incredifilms.com
154,Terry,Funk,1944-06-30,Terry.Funk@incredifilms.com
155,The,Kat,1970-09-29,The.Kat@incredifilms.com
156,The,Lady,1923-07-22,The.Lady@incredifilms.com
157,The,Miz,1980-10-08,The.Miz@incredifilms.com
158,The,Moolah,1923-07-22,The.Moolah@incredifilms.com
159,The,Rock,1972-05-02,The.Rock@incredifilms.com
160,The,Sheik,1942-03-15,The.Sheik@incredifilms.com
161,The,Undertaker,1965-03-24,The.Undertaker@incredifilms.com
162,The,Warrior,1959-06-16,The.Warrior@incredifilms.com
163,Triple,H,1969-07-27,Triple.H@incredifilms.com
164,Trish,Stratus,1975-12-18,Trish.Stratus@incredifilms.com
165,Tully,Blanchard,1954-01-22,Tully.Blanchard@incredifilms.com
166,Velvet,McIntyre,1962-11-24,Velvet.McIntyre@incredifilms.com
167,Victoria,Victoria,1971-02-10,Victoria.Victoria@incredifilms.com
168,Vince,McMahon,1945-08-24,Vince.McMahon@incredifilms.com
169,Wahoo,McDaniel,1938-06-19,Wahoo.McDaniel@incredifilms.com
170,Wendi,Richter,1961-09-06,Wendi.Richter@incredifilms.com
171,Yokozuna,Yokozuna,1966-10-02,Yokozuna.Yokozuna@incredifilms.com
172,Zack,Ryder,1985-05-14,Zack.Ryder@incredifilms.com
